a_id,name,email
ACC001,Ana García,ana.garcia@bmail.com
ACC002,Carlos López,c.lopez@bmail.com
ACC003,Sofía Martínez,s.martinez@bmail.com
ACC004,David Ruiz,d.ruiz@bmail.com
ACC005,Laura Pérez,l.perez@bmail.com
ACC006,John Smith,jsmith.01@tempmail.com
ACC007,Jonathan Smithson,j.smithson@webmail.org
ACC008,J. Smith,johnsmith.real@anon.net
ACC009,Maria Rossi,m.rossi.8@freemail.net
ACC010,Mario Russo,mario.russo.9@freemail.net
ACC011,M. Rosi,mrosi.contact@proton.me
ACC012,Elena Navarro,e.navarro@bmail.com
ACC013,Ring Node Alpha,rnalpha@hidden.net
ACC014,Ring Node Beta,rnbeta@hidden.net
ACC015,Ring Node Gamma,rngamma@hidden.net
ACC016,Ring Node Delta,rndelta@hidden.net
ACC017,Hub Central Corp,hub.central@biznet.com
ACC018,Fuente Alpha,fuente.alpha@temp.com
ACC019,Fuente Beta,fuente.beta@temp.com
ACC020,Fuente Gamma,fuente.gamma@temp.com
ACC021,Fuente Delta,fuente.delta@temp.com
ACC022,Fuente Epsilon,fuente.eps@temp.com
ACC023,Fuente Zeta,fuente.zeta@temp.com
ACC024,Fuente Eta,fuente.eta@temp.com
ACC025,Fuente Theta,fuente.theta@temp.com
ACC026,Pedro Alves,pedro.alves.contact@gmail.com
ACC027,Piotr Kowalski,p.kowalski@webmail.eu
ACC028,Pierre Dubois,pierre.dubois.93@free.fr
